City_ID,City,Lat,Lng,Max Temp,Humidity,Cloudiness,Wind Speed,Country,Date
0,Viedma,-40.8135,-62.9967,68.5,50,100,20.33,AR,2023-12-11 02:51:12
1,Kingston,17.997,-76.7936,83.35,76,40,20.71,JM,2023-12-11 02:47:10
2,Port-Aux-Francais,-49.35,70.2167,39.78,77,78,20.98,TF,2023-12-11 02:49:29
3,Kalmunai,7.4167,81.8167,80.2,82,92,5.21,LK,2023-12-11 02:51:12
4,Grytviken,-54.2811,-36.5092,41.88,95,100,14.36,GS,2023-12-11 02:49:31
5,Illizi,26.4833,8.4667,48.0,76,12,3.11,DZ,2023-12-11 02:51:13
6,Udachny,66.4167,112.4,-14.28,96,100,11.45,RU,2023-12-11 02:49:39
7,Laguna,38.421,-121.4238,50.94,75,0,5.75,US,2023-12-11 02:49:55
8,San Patricio,28.017,-97.5169,55.26,29,0,3.27,US,2023-12-11 02:49:33
9,Adamstown,-25.066,-130.1015,70.36,56,0,5.77,PN,2023-12-11 02:49:34
10,Puerto Ayora,-0.7393,-90.3518,75.22,87,32,7.85,EC,2023-12-11 02:49:42
11,Tiksi,71.6872,128.8694,-14.73,100,100,5.53,RU,2023-12-11 02:49:33
12,Itamaraca,-7.7478,-34.8256,80.65,75,34,6.04,BR,2023-12-11 02:50:16
13,Tual,-5.6667,132.75,83.48,79,48,14.94,ID,2023-12-11 02:51:13
14,Sao Vicente,-23.9631,-46.3919,74.26,26,100,1.01,BR,2023-12-11 02:51:13
15,Badger,64.8,-147.5333,1.81,74,0,0.0,US,2023-12-11 02:49:35
16,La Ronge,55.1001,-105.2842,23.25,80,40,8.05,CA,2023-12-11 02:50:24
17,Brookings,44.3114,-96.7984,20.05,90,0,0.0,US,2023-12-11 02:46:35
18,Kodiak,57.79,-152.4072,42.31,87,100,6.91,US,2023-12-11 02:49:42
19,Portel,-1.9356,-50.8211,79.02,81,99,5.82,BR,2023-12-11 02:51:14
20,Bethel,41.3712,-73.414,62.69,88,75,17.27,US,2023-12-11 02:49:16
21,Dakhla,23.6848,-15.958,70.07,46,19,14.36,EH,2023-12-11 02:51:14
22,Thanh Hoa,19.8,105.7667,79.77,75,44,4.94,VN,2023-12-11 02:51:14
23,Qaqortoq,60.7167,-46.0333,13.86,73,9,7.07,GL,2023-12-11 02:49:41
24,Las Heras,-46.5419,-68.9359,59.2,51,100,25.61,AR,2023-12-11 02:51:14
25,Atafu Village,-8.5421,-172.5159,83.43,78,100,14.97,TK,2023-12-11 02:49:43
26,Anadyr,64.75,177.4833,-16.01,75,20,11.18,RU,2023-12-11 02:49:51
27,Bredasdorp,-34.5322,20.0403,58.12,86,2,3.74,ZA,2023-12-11 02:47:00
28,Kapa'A,22.0752,-159.319,80.92,79,20,10.36,US,2023-12-11 02:49:53
29,Codrington,-38.2667,141.9667,62.06,85,100,18.7,AU,2023-12-11 02:49:39
30,Yellowknife,62.456,-114.3525,10.92,92,75,20.71,CA,2023-12-11 02:46:40
31,Gaitania,3.0906,-75.6723,71.8,91,97,5.79,CO,2023-12-11 02:51:15
32,Fort Bragg,35.139,-79.006,66.04,93,100,8.05,US,2023-12-11 02:49:42
33,Waitangi,-43.9535,-176.5597,57.81,59,0,5.44,NZ,2023-12-11 02:49:32
34,Alice Springs,-23.7,133.8833,67.55,32,100,6.91,AU,2023-12-11 02:47:01
35,Avarua,-21.2078,-159.775,78.85,78,75,26.46,CK,2023-12-11 02:49:37
36,Blackmans Bay,-43.0167,147.3167,69.73,57,7,1.99,AU,2023-12-11 02:49:33
37,Ulanhot,46.0833,122.0833,2.14,48,77,4.45,CN,2023-12-11 02:50:40
38,Sukuta,13.4103,-16.7082,71.62,78,0,4.61,GM,2023-12-11 02:51:15
39,Staraya Stanitsa,48.35,40.2833,28.63,88,99,17.27,RU,2023-12-11 02:51:15
40,Jamestown,42.097,-79.2353,36.55,91,100,9.22,US,2023-12-11 02:49:38
41,Hermanus,-34.4187,19.2345,59.95,82,4,7.94,ZA,2023-12-11 02:49:36
42,El Granada,37.5027,-122.4694,53.91,75,0,4.61,US,2023-12-11 02:49:48
43,Flying Fish Cove,-10.4217,105.6791,82.08,69,75,10.36,CX,2023-12-11 02:49:38
44,Talnakh,69.4865,88.3972,-16.8,98,100,10.27,RU,2023-12-11 02:49:45
45,Albany,42.6001,-73.9662,44.38,91,100,4.0,US,2023-12-11 02:48:45
46,Villa Gesell,-37.2639,-56.973,65.05,86,0,9.78,AR,2023-12-11 02:51:16
47,Mili,6.0815,171.735,81.3,84,100,18.68,MH,2023-12-11 02:51:16
48,Leh,34.1667,77.5833,16.03,38,98,3.06,IN,2023-12-11 02:51:16
49,Marsh Harbour,26.5412,-77.0636,76.35,85,73,23.78,BS,2023-12-11 02:51:16
50,Bontang,0.1333,117.5,78.78,86,100,7.83,ID,2023-12-11 02:51:16
51,Lafollette,36.3829,-84.1199,38.44,70,100,8.05,US,2023-12-11 02:51:16
52,Aykhal,66.0,111.5,-15.68,96,100,6.22,RU,2023-12-11 02:50:19
53,Enewetak,11.3474,162.3373,81.95,76,99,18.21,MH,2023-12-11 02:49:48
54,Puerto Natales,-51.7236,-72.4875,43.21,83,63,4.27,CL,2023-12-11 02:49:36
55,Mantua,45.1667,10.7833,39.09,88,90,3.0,IT,2023-12-11 02:51:17
56,Hamilton,39.1834,-84.5333,34.43,81,100,10.36,US,2023-12-11 02:49:30
57,Bamboo Flat,11.7,92.7167,84.29,84,20,6.91,IN,2023-12-11 02:51:17
58,College,64.8569,-147.8028,1.9,75,75,0.0,US,2023-12-11 02:49:31
59,Bilibino,68.0546,166.4372,-14.46,98,42,4.63,RU,2023-12-11 02:49:51
60,Port Macquarie,-31.4333,152.9167,82.89,55,0,16.08,AU,2023-12-11 02:47:43
61,Hawaiian Paradise Park,19.5933,-154.9731,78.03,93,100,3.44,US,2023-12-11 02:47:25
62,Ndende,-2.4008,11.3581,73.74,98,100,2.95,GA,2023-12-11 02:51:17
63,Mar Del Plata,-38.0023,-57.5575,68.02,83,0,8.05,AR,2023-12-11 02:49:56
64,Geraldton,-28.7667,114.6,90.01,11,0,20.71,AU,2023-12-11 02:49:53
65,Iqaluit,63.7506,-68.5145,24.53,73,100,21.85,CA,2023-12-11 02:49:29
66,Lihue,21.9789,-159.3672,80.19,78,20,10.36,US,2023-12-11 02:49:44
67,Isafjordur,66.0755,-23.124,28.04,90,91,7.18,IS,2023-12-11 02:49:44
68,Puerto Armuelles,8.2833,-82.8667,85.08,73,74,7.0,PA,2023-12-11 02:51:18
69,Lebu,-37.6167,-73.65,54.52,90,77,14.5,CL,2023-12-11 02:49:31
70,Petropavlovka,50.6114,105.3196,-12.98,89,29,2.19,RU,2023-12-11 02:51:18
71,Timaru,-44.4,171.25,67.06,65,6,8.01,NZ,2023-12-11 02:51:18
72,Yamba,-5.9,22.3,70.03,99,100,1.32,CD,2023-12-11 02:51:18
73,Galesong,-5.3166,119.3661,84.22,71,100,8.93,ID,2023-12-11 02:51:18
74,Shetpe,44.1667,52.1167,22.95,94,98,17.67,KZ,2023-12-11 02:51:19
75,Margaret River,-33.95,115.0667,77.47,31,0,5.44,AU,2023-12-11 02:49:31
76,Mlangali,-9.7833,34.5167,61.14,89,100,4.16,TZ,2023-12-11 02:51:19
77,Zhangye,38.9342,100.4517,40.53,32,100,10.07,CN,2023-12-11 02:51:19
78,Gisborne,-38.6533,178.0042,61.3,70,99,10.67,NZ,2023-12-11 02:51:19
79,Darnah,32.767,22.6367,59.2,79,100,12.68,LY,2023-12-11 02:51:19
80,Soe,-9.8607,124.284,83.7,54,98,6.93,ID,2023-12-11 02:51:19
81,Machico,32.7,-16.7667,69.71,80,75,4.61,PT,2023-12-11 02:51:19
82,Carnarvon,-24.8667,113.6333,89.08,26,0,14.18,AU,2023-12-11 02:49:41
83,Lerwick,60.1545,-1.1494,44.6,76,100,13.31,GB,2023-12-11 02:51:20
84,Crane,31.3974,-102.3501,47.73,23,0,5.7,US,2023-12-11 02:49:58
85,Longyearbyen,78.2186,15.6401,30.04,64,100,12.66,SJ,2023-12-11 02:49:35
86,Grants Pass,42.439,-123.3284,46.81,89,100,0.0,US,2023-12-11 02:51:20
87,Katabu,-4.9333,122.5167,87.06,65,100,8.48,ID,2023-12-11 02:51:20
88,Vorgashor,67.5833,63.95,-13.76,100,100,9.04,RU,2023-12-11 02:49:42
89,Iwanai,42.9744,140.5089,29.05,62,100,12.97,JP,2023-12-11 02:51:20
90,Chorbane,35.2858,10.3858,57.4,63,1,6.85,TN,2023-12-11 02:51:20
91,Daru,-9.0763,143.2092,82.15,66,100,8.9,PG,2023-12-11 02:49:46
92,Alvaraes,-3.2208,-64.8042,76.93,88,51,1.01,BR,2023-12-11 02:51:21
93,Saint-Pierre,-21.3393,55.4781,77.58,69,0,4.61,RE,2023-12-11 02:51:21
94,Ilulissat,69.2167,-51.1,28.42,69,100,14.97,GL,2023-12-11 02:49:36
95,Trairi,-3.2778,-39.2689,79.63,74,88,10.87,BR,2023-12-11 02:50:58
96,Cabedelo,-6.9811,-34.8339,77.67,72,73,8.23,BR,2023-12-11 02:51:21
97,Invercargill,-46.4,168.35,61.7,47,64,16.4,NZ,2023-12-11 02:49:29
98,Edinburgh Of The Seven Seas,-37.0676,-12.3116,56.59,71,97,17.94,SH,2023-12-11 02:49:36
99,Hoemul-Li,41.4339,129.67,29.1,73,100,8.41,KP,2023-12-11 02:51:21
100,Zeya,53.75,127.2667,-10.39,67,2,5.93,RU,2023-12-11 02:51:21
101,New Norfolk,-42.7826,147.0587,70.92,25,11,3.27,AU,2023-12-11 02:49:32
102,Igarka,67.4667,86.5833,-20.67,98,100,6.71,RU,2023-12-11 02:51:22
103,Kuqa,41.7278,82.9364,28.62,52,4,1.32,CN,2023-12-11 02:51:22
104,Aasiaat,68.7098,-52.8699,26.82,87,100,13.04,GL,2023-12-11 02:49:41
105,Lompoc,34.6391,-120.4579,60.93,65,0,7.0,US,2023-12-11 02:48:19
106,Guerrero Negro,27.9769,-114.0611,65.53,50,0,4.41,MX,2023-12-11 02:49:59
107,Oodweyne,9.4092,45.064,61.61,51,7,7.54,SO,2023-12-11 02:51:22
108,Palmer,42.1584,-72.3287,61.63,84,100,16.11,US,2023-12-11 02:48:54
109,Kapuskasing,49.4169,-82.4331,19.49,93,100,6.91,CA,2023-12-11 02:45:02
110,Huarmey,-10.0681,-78.1522,68.74,84,99,8.81,PE,2023-12-11 02:49:47
111,Tamanrasset,22.785,5.5228,55.31,26,0,10.36,DZ,2023-12-11 02:51:23
112,Cacu,-18.5567,-51.1308,73.17,85,100,5.01,BR,2023-12-11 02:51:23
113,Port Mathurin,-19.6833,63.4167,78.89,76,100,7.29,MU,2023-12-11 02:49:30
114,Pariaman,-0.619,100.12,86.05,71,27,3.44,ID,2023-12-11 02:51:23
115,Georgetown,5.4112,100.3354,87.73,74,20,10.36,MY,2023-12-11 02:46:15
116,Ocean Shores,46.9737,-124.1563,49.01,98,95,5.97,US,2023-12-11 02:46:36
117,Broken Hill,-31.95,141.4333,95.27,23,93,18.79,AU,2023-12-11 02:51:23
118,Polyarnyy,69.1989,33.4478,7.57,91,84,15.52,RU,2023-12-11 02:49:43
119,Alofi,-19.0595,-169.9187,75.09,94,100,9.22,NU,2023-12-11 02:50:15
120,Luanda,-8.8368,13.2343,77.0,2,100,4.61,AO,2023-12-11 02:51:24
121,Inongo,-1.95,18.2667,71.46,92,100,2.64,CD,2023-12-11 02:51:24
122,Petropavlovsk-Kamchatsky,53.0452,158.6483,32.59,93,75,2.24,RU,2023-12-11 02:50:03
123,Mujiayingzi,42.1167,118.7833,10.2,75,100,4.29,CN,2023-12-11 02:51:24
124,Dhidhdhoo,6.8833,73.1,83.26,76,100,9.91,MV,2023-12-11 02:51:24
125,Mwene-Ditu,-7.0,23.45,66.06,99,100,2.33,CD,2023-12-11 02:51:25
126,Constantia,44.1833,28.65,30.88,83,91,10.18,RO,2023-12-11 02:49:40
127,Kalemie,-5.9475,29.1947,70.65,91,100,1.72,CD,2023-12-11 02:51:25
128,Mount Isa,-20.7333,139.5,89.37,33,7,10.36,AU,2023-12-11 02:49:37
129,Coronel Du Graty,-27.6804,-60.9146,67.68,65,0,6.8,AR,2023-12-11 02:49:19
130,Olonkinbyen,70.9221,-8.7187,27.27,66,100,11.3,SJ,2023-12-11 02:49:45
131,Gunjur,13.2019,-16.7339,71.67,78,0,4.61,GM,2023-12-11 02:51:25
132,Toyooka,35.5333,134.8333,51.85,81,75,3.44,JP,2023-12-11 02:51:25
133,Ushuaia,-54.8,-68.3,44.26,57,0,9.22,AR,2023-12-11 02:49:30
134,Souillac,-20.5167,57.5167,77.38,83,40,3.44,MU,2023-12-11 02:51:25
135,Paramaribo,5.8667,-55.1667,79.92,89,7,1.01,SR,2023-12-11 02:51:25
136,Guingamp,48.4167,-3.3333,51.03,92,100,9.73,FR,2023-12-11 02:51:26
137,Kembe,4.6228,21.8865,70.38,75,72,2.46,CF,2023-12-11 02:50:17
138,Altai,46.3722,96.2583,6.46,71,54,6.22,MN,2023-12-11 02:51:26
139,Olyokminsk,60.3736,120.4264,-15.23,90,100,7.38,RU,2023-12-11 02:51:26
140,Carbonear,47.7332,-53.2148,33.15,92,84,10.0,CA,2023-12-11 02:51:26
141,Kuusamo,65.9667,29.1833,1.44,85,99,5.75,FI,2023-12-11 02:51:26
142,Namibe,-15.1961,12.1522,70.9,78,86,5.5,AO,2023-12-11 02:49:34
143,Yanam,16.7333,82.2167,75.49,76,33,5.03,IN,2023-12-11 02:51:27
144,Tsiombe,-25.3,45.4833,76.95,78,97,2.91,MG,2023-12-11 02:49:59
145,Murghob,38.1702,73.9667,-0.24,62,10,3.83,TJ,2023-12-11 02:51:27
146,Paulinia,-22.7611,-47.1542,72.63,76,98,2.75,BR,2023-12-11 02:51:27
147,Slave Lake,55.2834,-114.769,30.18,64,100,11.5,CA,2023-12-11 02:47:06
148,Port-Cartier,50.0334,-66.8654,35.82,99,100,1.68,CA,2023-12-11 02:51:27
149,Wailua Homesteads,22.0669,-159.378,79.59,80,20,10.36,US,2023-12-11 02:49:46
150,West Island,-12.1568,96.8225,82.38,69,100,12.66,CC,2023-12-11 02:49:41
151,Ispir,40.4829,40.9956,37.47,82,82,1.54,TR,2023-12-11 02:51:27
152,Arraial Do Cabo,-22.9661,-42.0278,73.13,81,100,12.1,BR,2023-12-11 02:49:44
153,Sabratah,32.7933,12.4885,57.76,63,0,12.12,LY,2023-12-11 02:51:28
154,Vernon,50.2581,-119.2691,40.3,90,100,4.61,CA,2023-12-11 02:50:10
155,North Vernon,39.0062,-85.6236,33.39,85,98,8.93,US,2023-12-11 02:51:28
156,Dudinka,69.4058,86.1778,-16.38,97,100,11.99,RU,2023-12-11 02:50:06
157,Cabo San Lucas,22.8909,-109.9124,77.76,60,0,4.61,MX,2023-12-11 02:47:04
158,Zheshart,62.0731,49.5733,-4.4,92,100,8.48,RU,2023-12-11 02:50:02
159,Afaahiti,-17.75,-149.2833,85.87,81,69,24.74,PF,2023-12-11 02:49:52
160,Twon-Brass,4.3151,6.2418,81.61,78,51,10.02,NG,2023-12-11 02:51:28
161,Papatowai,-46.5619,169.4708,63.48,42,87,14.07,NZ,2023-12-11 02:49:44
162,Conde,-7.2597,-34.9075,76.46,88,20,2.3,BR,2023-12-11 02:51:28
163,Kerikeri,-35.2268,173.9474,69.55,57,80,5.01,NZ,2023-12-11 02:51:28
164,Thompson,55.7435,-97.8558,5.16,85,100,2.3,CA,2023-12-11 02:49:31
165,Cleveland,41.4995,-81.6954,39.07,88,100,11.5,US,2023-12-11 02:49:32
166,Aquidauana,-20.4711,-55.7872,72.61,95,100,4.23,BR,2023-12-11 02:51:29
167,Port Shepstone,-30.7414,30.455,67.33,81,100,4.99,ZA,2023-12-11 02:51:29
168,Wichita Falls,33.9137,-98.4934,42.26,46,0,10.36,US,2023-12-11 02:51:29
169,Filadelfia,39.9523,-75.1638,57.67,94,100,3.0,US,2023-12-11 02:49:00
170,Itoman,26.1247,127.6694,81.37,72,75,12.66,JP,2023-12-11 02:51:29
171,Port Alfred,-33.5906,26.891,62.19,95,26,4.0,ZA,2023-12-11 02:49:38
172,Susuman,62.7833,148.1667,-7.02,96,95,5.01,RU,2023-12-11 02:49:55
173,Aleksandrovsk-Sakhalinskiy,50.8975,142.1561,3.56,86,100,12.8,RU,2023-12-11 02:51:29
174,Abu Dhabi,24.4667,54.3667,76.95,66,0,4.61,AE,2023-12-11 02:49:50
175,Betio Village,1.358,172.9211,84.24,76,100,6.67,KI,2023-12-11 02:49:55
176,Sinop,41.7711,34.8709,42.75,81,100,7.16,TR,2023-12-11 02:51:30
177,Sisimiut,66.9395,-53.6735,24.75,88,100,11.83,GL,2023-12-11 02:49:50
178,Morehead City,34.7229,-76.726,65.03,87,100,8.05,US,2023-12-11 02:51:30
179,Yuzhno-Kurilsk,44.0306,145.8556,33.37,76,86,19.51,RU,2023-12-11 02:50:11
180,Stanley,54.868,-1.6985,41.29,96,75,5.75,GB,2023-12-11 02:49:33
181,Utrik,11.2278,169.8474,80.98,77,87,19.33,MH,2023-12-11 02:49:39
182,Maquoketa,42.0689,-90.6657,26.91,66,1,4.59,US,2023-12-11 02:51:30
183,Egilsstadir,65.2653,-14.3948,21.11,93,75,2.3,IS,2023-12-11 02:49:29
184,Trapani,37.8333,12.6667,55.49,94,0,5.75,IT,2023-12-11 02:51:30
185,Kushiro,42.975,144.3747,34.75,37,20,12.66,JP,2023-12-11 02:51:30
186,Hermiston,45.8404,-119.2895,53.62,90,100,5.75,US,2023-12-11 02:51:30
187,Mindelo,16.8901,-24.9804,74.75,83,75,8.05,CV,2023-12-11 02:51:30
188,Rongelap,11.1635,166.8941,81.3,78,100,20.11,MH,2023-12-11 02:49:57
189,Price,39.5994,-110.8107,27.12,46,0,4.61,US,2023-12-11 02:50:59
190,Xilin Hot,43.9667,116.0333,4.69,88,100,7.87,CN,2023-12-11 02:51:31
191,Tolanaro,-25.0319,46.9987,77.07,94,20,16.11,MG,2023-12-11 02:49:53
192,Griffith,41.5284,-87.4237,32.85,71,100,9.22,US,2023-12-11 02:51:31
193,Gualeguay,-33.1416,-59.3097,64.22,65,2,7.31,AR,2023-12-11 02:51:31
194,Moussoro,13.6408,16.4901,64.29,26,34,11.32,TD,2023-12-11 02:51:31
195,Merizo Village,13.2658,144.6691,88.36,82,100,14.56,GU,2023-12-11 02:51:31
196,Fortuna,40.5982,-124.1573,52.99,91,100,1.01,US,2023-12-11 02:50:09
197,Fale Old Settlement,-9.3852,-171.2468,83.32,79,97,17.16,TK,2023-12-11 02:49:48
198,Tra Mhor,52.1624,-7.1524,50.05,71,50,11.99,IE,2023-12-11 02:51:31
199,Rabo De Peixe,37.8,-25.5833,63.99,99,40,12.66,PT,2023-12-11 02:51:31
200,St. John'S,47.5649,-52.7093,32.68,94,75,12.66,CA,2023-12-11 02:45:25
201,Guozhen,34.3659,107.359,43.05,82,100,2.71,CN,2023-12-11 02:51:32
202,Dokkum,53.3222,5.997,48.99,93,75,14.97,NL,2023-12-11 02:51:32
203,Akdepe,42.0551,59.3788,24.89,27,100,20.0,TM,2023-12-11 02:51:32
204,Chardara,41.2547,67.9692,34.09,57,100,7.47,KZ,2023-12-11 02:51:32
205,Klyuchi,52.2667,79.1667,-7.58,89,16,6.78,RU,2023-12-11 02:49:45
206,Nova Sintra,14.8667,-24.7167,73.0,74,99,11.23,CV,2023-12-11 02:49:28
207,Amuntai,-2.4177,115.2494,79.72,82,100,1.68,ID,2023-12-11 02:51:32
208,Qarqaraly,49.4058,75.4742,-16.1,99,50,5.14,KZ,2023-12-11 02:51:32
209,Likiep,9.8251,169.3107,80.37,79,98,20.31,MH,2023-12-11 02:51:32
210,Sidi Bel Abbes,35.1899,-0.6309,43.7,38,0,5.37,DZ,2023-12-11 02:51:32
211,Bonthe,7.5264,-12.505,79.16,82,48,4.61,SL,2023-12-11 02:51:32
212,Kristiansund,63.1115,7.732,32.65,74,20,5.75,NO,2023-12-11 02:51:33
213,Nemuro,43.3236,145.575,32.65,48,35,9.86,JP,2023-12-11 02:49:33
214,Meiganga,6.5167,14.3,66.51,33,98,4.18,CM,2023-12-11 02:51:33
215,Nar'Yan-Mar,67.6713,53.087,-8.9,91,100,11.01,RU,2023-12-11 02:49:48
216,Quang Ngai,15.1167,108.8,80.51,73,93,4.92,VN,2023-12-11 02:51:33
217,Ghardaia,32.4909,3.6735,51.15,50,0,4.61,DZ,2023-12-11 02:51:33
218,Tadine,-21.55,167.8833,77.0,59,93,17.11,NC,2023-12-11 02:51:33
219,Wynyard,-41.0,145.7167,70.83,38,100,7.49,AU,2023-12-11 02:46:55
220,Fu'An,27.0892,119.6453,80.53,58,0,1.05,CN,2023-12-11 02:51:33
221,Colonia,50.9333,6.95,53.06,76,20,12.66,DE,2023-12-11 02:48:07
222,Beberibe,-4.1797,-38.1306,79.07,76,28,11.77,BR,2023-12-11 02:51:33
223,Bridgewater,44.3835,-64.5155,50.68,99,100,8.05,CA,2023-12-11 02:51:33
224,Kruisfontein,-34.0033,24.7314,55.89,92,0,3.24,ZA,2023-12-11 02:49:44
225,Akureyri,65.6835,-18.0878,12.13,92,0,3.44,IS,2023-12-11 02:51:34
226,Hovd,48.0056,91.6419,1.72,80,69,1.97,MN,2023-12-11 02:51:34
227,Nenjiang,49.1833,125.2167,-4.74,72,1,4.16,CN,2023-12-11 02:51:34
228,Iskateley,67.6803,53.1512,-8.99,91,100,11.01,RU,2023-12-11 02:49:39
229,Cole Harbour,44.6724,-63.4751,46.71,97,100,3.0,CA,2023-12-11 02:48:55
230,Chonchi,-42.6128,-73.8092,52.81,96,97,2.64,CL,2023-12-11 02:49:55
231,Bengkulu,-3.8004,102.2655,81.72,71,95,4.23,ID,2023-12-11 02:49:20
232,Karaidel',55.8337,56.9069,-22.02,98,18,5.19,RU,2023-12-11 02:51:34
233,Grand Baie,-20.0182,57.5802,77.47,85,100,14.47,MU,2023-12-11 02:51:34
234,Enoch,37.7733,-113.0244,39.47,35,0,4.61,US,2023-12-11 02:51:34
235,San Antonio De Pale,-1.4014,5.6325,81.27,78,98,14.03,GQ,2023-12-11 02:49:43
236,Ulladulla,-35.35,150.4667,84.78,74,100,9.13,AU,2023-12-11 02:51:34
237,Aldan,58.6031,125.3894,-22.2,94,100,5.68,RU,2023-12-11 02:51:35
238,Sitka,57.0531,-135.33,37.29,75,75,8.05,US,2023-12-11 02:49:35
239,San Julian,21.0167,-102.1667,59.58,56,100,6.76,MX,2023-12-11 02:51:35
240,Ust-Nera,64.5667,143.2,-5.91,99,100,9.04,RU,2023-12-11 02:49:29
241,Castillos,-34.1667,-53.8333,59.68,97,7,3.8,UY,2023-12-11 02:51:35
242,Estacion Santa Engracia,24.0159,-99.2015,54.43,39,47,1.9,MX,2023-12-11 02:51:35
243,Nagqu,31.5,92.0,15.03,20,1,7.85,CN,2023-12-11 02:50:17
244,Punta Arenas,-53.15,-70.9167,42.91,70,0,2.3,CL,2023-12-11 02:47:23
245,Nova Vicosa,-17.8919,-39.3719,75.72,84,3,3.44,BR,2023-12-11 02:51:35
246,Yaren,-0.5472,166.916,84.09,70,41,1.9,NR,2023-12-11 02:51:35
247,Gonabad,34.3529,58.6837,47.55,43,9,2.8,IR,2023-12-11 02:51:36
248,Callao,-12.0667,-77.15,70.72,77,75,12.66,PE,2023-12-11 02:49:53
249,Itanhaem,-24.1831,-46.7889,70.97,94,100,3.76,BR,2023-12-11 02:51:36
250,Tatsinskiy,48.1968,41.2756,26.65,85,100,17.69,RU,2023-12-11 02:51:36
251,Thinadhoo,0.5333,72.9333,82.31,76,96,6.26,MV,2023-12-11 02:50:21
252,Coracora,-15.0333,-73.7833,54.5,69,100,6.73,PE,2023-12-11 02:51:36
253,Vadso,70.0744,29.7487,14.16,85,75,23.02,NO,2023-12-11 02:49:36
254,Ad Dilam,23.9915,47.1627,57.61,22,83,4.63,SA,2023-12-11 02:51:36
255,Buenavista Del Norte,28.3746,-16.861,77.04,59,100,3.4,ES,2023-12-11 02:51:36
256,Panino,51.6467,40.1346,20.14,95,100,13.82,RU,2023-12-11 02:51:36
257,Wuhai,39.6647,106.8122,29.48,32,100,1.81,CN,2023-12-11 02:51:36
258,El Alto,-4.2714,-81.2147,67.66,82,5,14.25,PE,2023-12-11 02:51:36
259,Plastun,44.7561,136.2939,10.27,38,6,7.05,RU,2023-12-11 02:51:36
260,Pierre,44.3683,-100.351,29.86,81,0,5.99,US,2023-12-11 02:48:55
261,Ebon,4.582,168.6964,83.1,78,19,10.47,MH,2023-12-11 02:51:37
262,Les Cayes,18.2,-73.75,78.49,85,87,8.03,HT,2023-12-11 02:51:37
263,Tongchuanshi,35.0806,109.0897,34.99,100,100,2.13,CN,2023-12-11 02:51:37
264,Ubauro,28.1652,69.7289,64.45,20,0,4.83,PK,2023-12-11 02:51:37
265,Sumberpucung,-8.1586,112.4829,83.43,63,94,5.46,ID,2023-12-11 02:51:37
266,Banda Aceh,5.5577,95.3222,82.6,75,48,0.49,ID,2023-12-11 02:49:42
267,Dunedin,-45.8742,170.5036,61.52,59,35,7.87,NZ,2023-12-11 02:47:52
268,Vidyayevo,69.3191,32.8049,4.3,93,78,14.36,RU,2023-12-11 02:51:37
269,Tunceli,39.1083,39.5471,44.8,85,100,2.98,TR,2023-12-11 02:51:37
270,North Bend,43.4065,-124.2243,56.16,100,100,5.75,US,2023-12-11 02:46:43
271,Sur,22.5667,59.5289,72.0,51,26,2.68,OM,2023-12-11 02:49:49
272,Zhanaozen,43.3,52.8,27.07,92,99,13.91,KZ,2023-12-11 02:51:37
273,Haiku-Pauwela,20.9219,-156.3051,86.02,69,40,8.99,US,2023-12-11 02:50:12
274,Krasnoarmeyskoye,52.7182,50.0322,-2.33,91,14,8.08,RU,2023-12-11 02:51:38
275,New Shagunnu,10.3396,4.4688,73.49,27,49,6.91,NG,2023-12-11 02:51:38
276,Malango,-2.9627,119.9001,84.33,57,100,2.3,ID,2023-12-11 02:51:38
277,Kiama,-34.6833,150.8667,85.37,72,94,9.46,AU,2023-12-11 02:51:38
278,Saint-Philippe,-21.3585,55.7679,76.59,84,52,11.12,RE,2023-12-11 02:51:38
279,Porto Novo,6.4965,2.6036,82.22,85,0,2.66,BJ,2023-12-11 02:51:38
280,Lianhe,47.1333,129.2667,3.22,64,4,4.21,CN,2023-12-11 02:51:38
281,Remire-Montjoly,4.9167,-52.2667,78.84,94,99,2.3,GF,2023-12-11 02:51:38
282,Newman,37.3138,-121.0208,52.29,50,100,1.99,US,2023-12-11 02:49:57
283,Ponta Delgada,37.7333,-25.6667,65.19,82,40,12.66,PT,2023-12-11 02:47:20
284,Koundara,12.4833,-13.3,72.01,20,100,1.5,GN,2023-12-11 02:51:39
285,Kone,-21.0595,164.8658,87.19,41,96,6.76,NC,2023-12-11 02:51:39
286,Quthing,-30.4,27.7003,57.99,83,100,3.33,LS,2023-12-11 02:51:39
287,Umarkot,25.3616,69.7362,66.74,36,0,4.52,PK,2023-12-11 02:51:39
288,Happy Valley-Goose Bay,53.3168,-60.3315,37.71,75,100,4.61,CA,2023-12-11 02:50:23
289,Lata,40.1629,-8.3327,59.07,92,71,4.25,PT,2023-12-11 02:50:16
290,Whitehorse,60.7161,-135.0538,11.17,78,100,9.22,CA,2023-12-11 02:49:50
291,Lambarene,-0.7001,10.2406,74.93,95,98,1.12,GA,2023-12-11 02:51:40
292,Dublin,37.7021,-121.9358,52.75,73,0,4.61,US,2023-12-11 02:51:40
293,Port Elizabeth,-33.918,25.5701,58.1,92,0,2.3,ZA,2023-12-11 02:49:47
294,Huanggang,23.677,116.9996,75.09,71,0,3.76,CN,2023-12-11 02:51:40
295,Tarko-Sale,64.9225,77.785,-26.75,97,98,8.12,RU,2023-12-11 02:51:40
296,Saint-Joseph,-21.3667,55.6167,76.48,83,44,10.22,RE,2023-12-11 02:50:12
297,Road Town,18.4167,-64.6167,80.64,74,40,11.5,VG,2023-12-11 02:47:29
298,Dwarka,22.2394,68.9678,73.54,45,5,6.87,IN,2023-12-11 02:51:41
299,Kaoma,-14.7833,24.8,65.79,97,100,4.45,ZM,2023-12-11 02:51:41
300,Acajutla,13.5928,-89.8275,81.05,68,3,4.16,SV,2023-12-11 02:51:41
301,Skare,55.3833,13.05,39.18,97,100,7.14,SE,2023-12-11 02:51:41
302,Chul'Man,56.8479,124.9104,-22.05,95,100,7.92,RU,2023-12-11 02:51:41
303,Bardai,11.65,7.2333,59.68,31,0,10.31,NG,2023-12-11 02:51:41
304,Anastacio,-20.4836,-55.8069,72.41,95,100,4.21,BR,2023-12-11 02:51:41
305,Balsas,-7.5325,-46.0356,75.79,86,95,3.06,BR,2023-12-11 02:51:41
306,Rio Grande,-32.035,-52.0986,67.95,87,99,16.35,BR,2023-12-11 02:50:25
307,Tralee,52.2704,-9.7026,46.42,92,16,5.99,IE,2023-12-11 02:50:12
308,Vemalwada,18.4667,78.8833,70.03,55,48,2.48,IN,2023-12-11 02:51:41
309,Timbuktu,16.7735,-3.0074,65.57,18,5,11.36,ML,2023-12-11 02:51:41
310,Walvis Bay,-22.9575,14.5053,62.1,77,70,8.05,NA,2023-12-11 02:50:19
311,Solleftea,63.1667,17.2667,22.86,99,99,2.26,SE,2023-12-11 02:51:42
312,Kattivakkam,13.2167,80.3167,78.89,71,74,11.81,IN,2023-12-11 02:51:42
313,Hailar,49.2,119.7,-21.14,95,60,4.36,CN,2023-12-11 02:51:42
314,Soio,-6.1349,12.3689,80.2,76,100,6.51,AO,2023-12-11 02:49:54
315,Fort Irwin,35.2627,-116.6848,47.73,17,0,0.0,US,2023-12-11 02:49:16
316,Binhe,32.6883,112.8275,33.82,77,70,16.6,CN,2023-12-11 02:51:42
317,Guarapari,-20.6667,-40.4975,74.89,90,51,3.62,BR,2023-12-11 02:51:25
318,Minas De Marcona,-15.2119,-75.1103,60.62,79,91,9.13,PE,2023-12-11 02:50:00
319,Soltvadkert,46.5789,19.3939,32.83,97,91,7.96,HU,2023-12-11 02:51:42
320,Pangody,65.85,74.4859,-23.57,95,100,9.04,RU,2023-12-11 02:49:46
321,Nahiyat Ash Shinafiyah,31.5874,44.6602,65.41,43,100,4.63,IQ,2023-12-11 02:51:42
322,Tazacorte,28.629,-17.9293,69.15,41,0,8.99,ES,2023-12-11 02:49:32
323,Lakatoro,-16.0999,167.4164,81.39,59,100,15.41,VU,2023-12-11 02:49:42
324,Port-Gentil,-0.7193,8.7815,79.59,84,100,10.65,GA,2023-12-11 02:51:42
325,Mek'Ele,13.4967,39.4753,55.2,73,5,4.0,ET,2023-12-11 02:51:42
326,Gulbene,57.1777,26.7529,22.35,95,100,8.81,LV,2023-12-11 02:51:42
327,Bokhan,53.153,103.7714,-22.5,96,33,0.98,RU,2023-12-11 02:51:43
328,Waingapu,-9.6567,120.2641,89.08,61,85,6.78,ID,2023-12-11 02:51:43
329,Nizhneangarsk,55.7833,109.55,-11.99,80,35,5.99,RU,2023-12-11 02:51:43
330,Zag,46.9441,99.165,-4.05,97,97,1.99,MN,2023-12-11 02:51:43
331,Nyahururu,0.0421,36.3673,51.75,92,96,6.17,KE,2023-12-11 02:51:43
332,Mount Gambier,-37.8333,140.7667,64.9,81,100,13.82,AU,2023-12-11 02:49:45
333,Tura,25.5198,90.2201,67.62,52,0,0.58,IN,2023-12-11 02:49:33
334,Severnoye,56.3491,78.3619,-13.02,98,94,5.99,RU,2023-12-11 02:51:43
335,Bhainsdehi,21.6467,77.6325,64.62,58,1,3.27,IN,2023-12-11 02:51:43
336,Kabansk,52.0486,106.6528,-1.12,76,16,2.59,RU,2023-12-11 02:51:43
337,Acarau,-2.8856,-40.12,79.88,74,100,15.1,BR,2023-12-11 02:49:29
338,Cheremukhovo,60.3484,59.9851,-31.04,100,97,1.99,RU,2023-12-11 02:51:43
339,Banaz,38.7371,29.7519,42.26,91,100,3.98,TR,2023-12-11 02:51:44
340,Holualoa,19.6228,-155.9522,80.78,73,40,4.61,US,2023-12-11 02:50:04
341,Afikpo,5.8931,7.9374,75.7,89,11,4.03,NG,2023-12-11 02:51:44
342,Bhimunipatnam,17.8833,83.4333,74.71,74,4,7.05,IN,2023-12-11 02:51:44
343,Zaporizhia,47.8167,35.1833,34.79,92,100,8.7,UA,2023-12-11 02:51:44
344,Albemarle,35.3501,-80.2001,48.76,93,100,8.05,US,2023-12-11 02:51:44
345,Luderitz,-26.6481,15.1594,61.45,71,0,16.91,NA,2023-12-11 02:50:10
346,Necochea,-38.5473,-58.7368,62.38,79,0,10.96,AR,2023-12-11 02:50:03
347,Tabas,33.5959,56.9244,46.62,42,72,2.3,IR,2023-12-11 02:51:44
348,Hasaki,35.7333,140.8333,63.28,66,55,5.91,JP,2023-12-11 02:49:35
349,Belyy Yar,53.6039,91.3903,-29.31,75,20,0.0,RU,2023-12-11 02:51:44
350,Thakhek,17.4103,104.8307,82.51,47,2,2.35,LA,2023-12-11 02:51:44
351,Nuuk,64.1835,-51.7216,27.21,74,100,3.44,GL,2023-12-11 02:49:53
352,Berezniki,59.4152,56.8124,-26.48,100,97,2.1,RU,2023-12-11 02:51:45
353,Kormilovka,55.0026,74.1028,-18.38,99,89,7.96,RU,2023-12-11 02:51:45
354,Talcahuano,-36.7167,-73.1167,56.88,77,0,17.27,CL,2023-12-11 02:51:45
355,Pisco,-13.7,-76.2167,68.05,77,0,14.97,PE,2023-12-11 02:49:49
356,Coquimbo,-29.9533,-71.3436,60.53,82,0,3.44,CL,2023-12-11 02:48:38
357,Calama,-22.4667,-68.9333,63.09,11,0,11.5,CL,2023-12-11 02:50:12
358,Port Hedland,-20.3167,118.5667,87.85,12,7,19.57,AU,2023-12-11 02:51:45
359,Togur,58.3631,82.8265,-24.86,99,10,5.01,RU,2023-12-11 02:51:45
360,Hammerfest,70.6634,23.6821,28.85,69,100,8.05,NO,2023-12-11 02:51:45
361,Mosjoen,65.836,13.1908,19.92,93,19,0.0,NO,2023-12-11 02:51:45
362,Mumford,5.2618,-0.759,79.48,81,4,2.73,GH,2023-12-11 02:51:45
363,Queenstown,-31.8976,26.8753,52.36,92,100,3.22,ZA,2023-12-11 02:51:07
364,Alfredo V. Bonfil,21.0833,-86.85,69.75,88,100,0.0,MX,2023-12-11 02:51:45
365,Airuk,7.2772,168.8203,81.73,81,100,20.89,MH,2023-12-11 02:51:45
366,Dampit,-8.2116,112.7493,83.43,60,97,4.74,ID,2023-12-11 02:51:46
367,Northumberland,55.25,-2.0,39.49,89,100,10.54,GB,2023-12-11 02:51:46
368,Antofagasta,-23.65,-70.4,65.48,79,8,3.27,CL,2023-12-11 02:51:46
369,Cherdyn',60.403,56.4787,-24.02,100,98,3.15,RU,2023-12-11 02:51:46
370,La Passe,45.5549,-0.8967,59.23,88,100,24.18,FR,2023-12-11 02:49:30
371,Ambodifotatra,-16.9833,49.85,78.33,83,25,4.5,MG,2023-12-11 02:51:46
372,Fairmont,39.4851,-80.1426,37.27,93,100,1.99,US,2023-12-11 02:51:46
373,Ulsteinvik,62.3432,5.8487,37.53,84,8,5.01,NO,2023-12-11 02:49:48
374,Tazovsky,67.4667,78.7,-11.42,97,100,11.05,RU,2023-12-11 02:49:59
375,Kayenta,36.7278,-110.2546,33.6,34,93,1.23,US,2023-12-11 02:51:46
376,Kachia,9.8667,7.95,66.18,25,0,8.55,NG,2023-12-11 02:51:46
377,Hadibu,12.65,54.0333,75.81,71,18,12.15,YE,2023-12-11 02:49:43
378,Chernyshevskiy,63.0128,112.4714,-22.54,98,99,2.91,RU,2023-12-11 02:50:17
379,Major Isidoro,-9.5322,-36.985,74.53,73,0,8.84,BR,2023-12-11 02:51:47
380,Mana,5.6592,-53.7767,77.47,91,29,7.4,GF,2023-12-11 02:51:47
381,Saipan,15.1355,145.701,86.7,70,0,13.8,MP,2023-12-11 02:49:52
382,Posse,-14.0931,-46.3694,76.87,55,97,1.83,BR,2023-12-11 02:51:47
383,Ko Lanta,7.5336,99.0865,81.19,78,21,8.52,TH,2023-12-11 02:51:47
384,Nizhnevartovsk,60.9344,76.5531,-38.18,74,20,4.47,RU,2023-12-11 02:51:37
385,Balqash,46.8481,74.995,5.59,66,40,13.42,KZ,2023-12-11 02:51:47
386,Puerto Aysen,-45.4,-72.7,52.97,99,100,4.41,CL,2023-12-11 02:51:47
387,Ribeira Grande,38.5167,-28.7,63.77,76,99,18.99,PT,2023-12-11 02:49:31
388,La'Ie,21.6477,-157.9253,83.59,81,21,4.0,US,2023-12-11 02:51:47
389,Umba,66.6871,34.3429,12.34,93,100,9.55,RU,2023-12-11 02:51:47
390,Viana Do Castelo,41.6932,-8.8329,59.92,96,100,13.67,PT,2023-12-11 02:51:47
391,Padrauna,26.9025,83.9819,61.99,35,0,2.13,IN,2023-12-11 02:51:47
392,Qarazhal,48.0078,70.7903,-6.41,84,0,11.48,KZ,2023-12-11 02:50:04
393,Narra,9.3167,118.4,85.77,66,97,9.89,PH,2023-12-11 02:51:48
394,Selfoss,63.9331,-20.9971,31.05,92,100,2.91,IS,2023-12-11 02:51:48
395,Hutang,31.5333,119.4833,43.41,82,100,13.62,CN,2023-12-11 02:51:48
396,Kill Devil Hills,36.0307,-75.676,64.98,96,100,19.57,US,2023-12-11 02:49:58
397,Yelizovo,53.1873,158.3805,33.94,93,75,2.24,RU,2023-12-11 02:51:48
398,Jos,9.9167,8.9,58.64,32,0,6.22,NG,2023-12-11 02:51:48
399,Kayangel,8.0823,134.7173,83.71,78,12,15.61,PW,2023-12-11 02:49:58
400,Kegeyli Shahar,42.7767,59.6078,14.09,67,100,20.22,UZ,2023-12-11 02:51:48
401,Mbandaka,0.0487,18.2603,71.64,95,97,1.92,CD,2023-12-11 02:51:48
402,Timimoun,29.2639,0.231,48.58,53,0,4.61,DZ,2023-12-11 02:51:48
403,Taksimo,56.3444,114.8794,-21.77,83,39,0.31,RU,2023-12-11 02:51:48
404,Fort St. John,56.2499,-120.8529,24.69,74,20,3.44,CA,2023-12-11 02:51:48
405,Bubaque,11.2833,-15.8333,82.65,61,100,9.04,GW,2023-12-11 02:49:56
406,Shanhecun,44.7,127.2,5.14,67,100,5.97,CN,2023-12-11 02:51:49
407,Baharly,38.4362,57.4316,57.2,47,52,10.85,TM,2023-12-11 02:51:49
408,Las Cruces,32.3123,-106.7783,41.76,28,0,4.0,US,2023-12-11 02:50:51
409,Yaransk,57.3033,47.8861,-5.28,87,100,11.52,RU,2023-12-11 02:51:49
410,Savannah,32.0835,-81.0998,64.36,94,100,9.22,US,2023-12-11 02:47:29
411,Kostomuksha,64.571,30.5767,10.04,94,99,8.99,RU,2023-12-11 02:51:49
412,Inonu,37.3167,33.7667,42.82,68,100,6.26,TR,2023-12-11 02:51:49
413,Pades,45.0167,22.85,35.51,92,75,1.39,RO,2023-12-11 02:51:49
414,Beitbridge,-22.2167,30.0,71.28,87,97,13.18,ZW,2023-12-11 02:51:49
415,Buta,2.7858,24.73,69.12,99,96,0.69,CD,2023-12-11 02:51:49
416,Belcesti,47.3,27.0833,30.56,89,100,3.38,RO,2023-12-11 02:51:49
417,Dakar,14.6937,-17.4441,72.48,72,100,15.32,SN,2023-12-11 02:49:25
418,Zacatlan,19.9333,-97.9667,41.74,98,100,2.84,MX,2023-12-11 02:51:50
419,San Justo,-30.7891,-60.5919,67.95,80,0,8.21,AR,2023-12-11 02:51:50
420,Praia Da Vitoria,38.7333,-27.0667,61.75,77,20,12.41,PT,2023-12-11 02:49:38
421,Bayanhongor,46.7167,100.1167,-1.16,91,99,1.9,MN,2023-12-11 02:49:51
422,East London,-33.0153,27.9116,62.24,74,92,4.07,ZA,2023-12-11 02:49:40
423,Vacaria,-28.5122,-50.9339,54.75,98,35,3.85,BR,2023-12-11 02:51:50
424,Mermoz Boabab,14.7065,-17.4758,72.16,73,100,15.73,SN,2023-12-11 02:51:50
425,Acapulco De Juarez,16.8634,-99.8901,82.22,83,100,4.61,MX,2023-12-11 02:47:06
426,Mudgee,-32.5943,149.5871,100.08,18,38,3.6,AU,2023-12-11 02:51:50
427,Alva,56.1528,-3.8051,41.02,90,100,3.8,GB,2023-12-11 02:51:50
428,Karpinsk,59.7654,60.0085,-35.54,100,56,1.59,RU,2023-12-11 02:51:50
429,Priargunsk,50.3691,119.1012,-30.84,97,60,2.06,RU,2023-12-11 02:51:50
430,Kiunga,-6.1219,141.2906,87.37,64,97,1.21,PG,2023-12-11 02:50:09
431,Port Lincoln,-34.7333,135.8667,63.88,88,100,13.58,AU,2023-12-11 02:49:41
432,Bodo,67.28,14.405,24.84,68,100,19.57,NO,2023-12-11 02:49:46
433,Tweed Heads,-28.1817,153.547,84.96,53,19,10.36,AU,2023-12-11 02:51:51
434,Ancud,-41.8697,-73.8203,52.23,91,100,2.04,CL,2023-12-11 02:49:37
435,Tindouf,27.6711,-8.1474,55.85,35,0,4.61,DZ,2023-12-11 02:51:51
436,Tukrah,32.5341,20.5791,61.79,80,47,20.94,LY,2023-12-11 02:51:51
437,Ta`U,-14.2336,-169.5144,77.27,92,100,19.15,AS,2023-12-11 02:49:40
438,Vilhena,-12.7406,-60.1458,70.43,94,100,4.72,BR,2023-12-11 02:51:51
439,Namtsy,62.7161,129.6658,-20.94,89,100,9.78,RU,2023-12-11 02:50:25
440,Saldanha,-33.0117,17.9442,57.25,88,0,12.59,ZA,2023-12-11 02:50:20
441,Namie,37.4833,141.0,53.71,79,100,7.49,JP,2023-12-11 02:51:51
442,Yoloten,37.2989,62.3597,50.63,43,10,7.7,TM,2023-12-11 02:51:51
443,Dawukou,39.0419,106.3958,33.8,34,100,3.0,CN,2023-12-11 02:51:51
444,Nadi,-17.8,177.4167,86.0,42,75,14.97,FJ,2023-12-11 02:51:43
445,Impfondo,1.6381,18.0667,72.88,89,100,0.85,CG,2023-12-11 02:51:51
446,Tabuk,17.4189,121.4443,83.97,68,8,5.23,PH,2023-12-11 02:51:52
447,Nuku'Alofa,-21.1333,-175.2,82.74,57,40,6.91,TO,2023-12-11 02:49:48
448,Gulf Shores,30.246,-87.7008,52.0,67,0,8.05,US,2023-12-11 02:50:01
449,Caluula,11.9661,50.7569,77.25,65,3,9.86,SO,2023-12-11 02:51:52
450,Kuroiso,36.9667,140.05,47.23,80,100,3.71,JP,2023-12-11 02:51:52
451,Yakakent,41.6325,35.5289,52.88,69,100,4.25,TR,2023-12-11 02:51:52
452,Vilyuchinsk,52.9306,158.4028,34.07,89,100,8.9,RU,2023-12-11 02:49:49
453,Kyaikto,17.3,97.0167,82.22,74,5,4.38,MM,2023-12-11 02:51:52
454,Malagon,39.2139,-4.0005,48.63,92,0,3.83,ES,2023-12-11 02:51:52
455,Korem,12.5058,39.5228,47.89,73,2,0.54,ET,2023-12-11 02:51:52
456,Puerto Ayacucho,5.6639,-67.6236,78.66,83,88,3.62,VE,2023-12-11 02:49:54
457,Mugia,43.1041,-9.2179,64.9,86,100,24.36,ES,2023-12-11 02:50:19
458,Kavaratti,10.5669,72.642,83.41,73,100,6.6,IN,2023-12-11 02:49:39
459,Margate,51.3813,1.3862,52.11,74,80,15.01,GB,2023-12-11 02:42:57
460,Mil'Kovo,55.6078,37.7956,16.34,94,99,10.38,RU,2023-12-11 02:51:52
461,Pacific Grove,36.6177,-121.9166,58.42,57,0,5.75,US,2023-12-11 02:49:48
462,Sakata,38.9167,139.855,46.58,53,75,4.61,JP,2023-12-11 02:51:53
463,Nikolayevsk-On-Amure,53.1406,140.73,-4.18,89,100,15.64,RU,2023-12-11 02:51:53
464,Nguruka,-5.1092,31.0419,66.33,98,100,2.59,TZ,2023-12-11 02:51:53
465,Waycross,31.2136,-82.354,52.05,93,100,20.71,US,2023-12-11 02:51:53
466,Kailua-Kona,19.6406,-155.9956,82.98,73,40,4.61,US,2023-12-11 02:50:24
467,Jinchang,38.4953,102.1739,34.86,44,100,7.52,CN,2023-12-11 02:49:46
468,Roma,43.2128,-75.4557,39.34,94,100,10.36,US,2023-12-11 02:47:59
469,Nishinoomote,30.7333,131.0,66.76,100,75,16.11,JP,2023-12-11 02:51:53
470,Tubarjal,30.4999,38.216,61.07,53,99,8.86,SA,2023-12-11 02:51:53
471,Kirakira,-10.4544,161.9205,81.82,82,97,1.19,SB,2023-12-11 02:50:19
472,Nili,33.7218,66.1302,38.01,32,7,4.03,AF,2023-12-11 02:51:53
473,Umluj,25.0213,37.2685,77.34,65,83,9.6,SA,2023-12-11 02:51:53
474,Anshun,26.25,105.9333,57.88,80,100,5.03,CN,2023-12-11 02:51:53
475,Grande Prairie,55.1667,-118.8027,24.98,80,40,0.0,CA,2023-12-11 02:51:53
476,Uturoa,-16.7333,-151.4333,80.53,80,22,23.31,PF,2023-12-11 02:49:56
477,Al Kharj,24.155,47.3346,57.78,22,88,3.76,SA,2023-12-11 02:51:54
478,Monze,-16.2833,27.4833,69.42,81,86,9.75,ZM,2023-12-11 02:51:54
479,Hobyo,5.3505,48.5268,80.24,75,97,18.72,SO,2023-12-11 02:50:26
480,Forbes,-33.3833,148.0167,98.92,23,68,4.63,AU,2023-12-11 02:51:54
481,Tofol,5.3248,163.0078,87.58,70,75,13.8,FM,2023-12-11 02:51:54
482,Copala,16.65,-98.9833,78.37,81,65,2.17,MX,2023-12-11 02:49:35
483,Shimoda,34.6667,138.95,61.16,63,46,8.88,JP,2023-12-11 02:50:10
484,Ambo,-10.1308,-76.2047,62.92,91,46,1.92,PE,2023-12-11 02:51:54
485,Afif,23.9065,42.9172,56.41,29,69,9.28,SA,2023-12-11 02:51:54
486,Midvagur,62.0511,-7.1939,43.63,93,100,5.75,FO,2023-12-11 02:51:54
487,Spring Creek,40.7266,-115.5859,34.3,38,100,3.4,US,2023-12-11 02:51:54
488,Edd,13.9297,41.6925,78.33,61,29,15.26,ER,2023-12-11 02:51:54
489,Gadzhiyevo,69.2551,33.3362,6.17,93,88,15.12,RU,2023-12-11 02:50:13
490,Luwuk,-0.9516,122.7875,88.34,66,86,1.81,ID,2023-12-11 02:51:55
491,Shakawe,-18.3667,21.85,68.47,88,92,5.79,BW,2023-12-11 02:51:55
492,Mormugao,15.4,73.8,78.06,73,20,8.05,IN,2023-12-11 02:51:55
493,Broome,42.2506,-75.833,37.89,95,100,6.91,US,2023-12-11 02:51:55
494,Lazaro Cardenas,17.9583,-102.2,79.16,70,100,3.22,MX,2023-12-11 02:50:13
495,Manadhoo,5.7667,73.3833,82.78,77,100,4.81,MV,2023-12-11 02:51:55
496,Hosakote,14.2769,77.1699,72.25,72,87,10.71,IN,2023-12-11 02:51:55
497,Yerofey Pavlovich,53.9667,121.9667,-13.23,67,4,3.11,RU,2023-12-11 02:51:55
498,Kamen'-Na-Obi,53.7884,81.3423,-18.8,95,56,4.81,RU,2023-12-11 02:51:55
499,Ixtapa,20.7,-105.2,77.23,79,100,1.28,MX,2023-12-11 02:51:55
500,Ilhabela,-23.7781,-45.3581,72.09,92,100,10.96,BR,2023-12-11 02:51:56
501,Vila Velha,-20.3297,-40.2925,75.15,88,75,3.44,BR,2023-12-11 02:50:18
502,Antsiranana,-12.2787,49.2917,78.75,81,76,12.95,MG,2023-12-11 02:51:56
503,Keningau,5.3378,116.1602,85.19,64,96,1.3,MY,2023-12-11 02:51:56
504,Puerto Baquerizo Moreno,-0.9,-89.6,74.79,88,17,9.46,EC,2023-12-11 02:49:50
505,Manghit,42.1156,60.0597,24.78,26,100,19.48,UZ,2023-12-11 02:51:56
506,Limon,10.0,-83.0333,78.06,86,7,2.39,CR,2023-12-11 02:51:56
507,Zindah Jan,34.3426,61.7468,49.75,36,4,4.32,AF,2023-12-11 02:51:56
508,Bodaybo,57.8506,114.1933,-19.32,96,100,0.11,RU,2023-12-11 02:51:56
509,Labuan Bajo,-8.4964,119.8877,86.4,68,100,11.86,ID,2023-12-11 02:50:00
510,Glen Innes,-29.7333,151.7333,85.5,20,0,7.74,AU,2023-12-11 02:51:56
511,Al Ghayzah,16.2079,52.176,70.9,54,9,7.05,YE,2023-12-11 02:51:56
512,Todtnau,47.8294,7.9438,51.51,89,100,8.01,DE,2023-12-11 02:51:57
513,Hami,42.8,93.45,30.94,57,100,4.76,CN,2023-12-11 02:51:57
514,Westport,41.1415,-73.3579,61.59,91,100,19.57,US,2023-12-11 02:51:57
515,Hithadhoo,-0.6,73.0833,82.11,76,94,3.69,MV,2023-12-11 02:49:57
516,Baiyin,36.5583,104.2081,30.49,43,100,2.26,CN,2023-12-11 02:51:57
517,Zemetchino,53.4973,42.6163,14.18,85,100,13.71,RU,2023-12-11 02:51:57
518,Barkly West,-28.5354,24.5215,61.88,73,100,13.82,ZA,2023-12-11 02:51:57
519,Chibougamau,49.9168,-74.3659,22.62,93,75,9.22,CA,2023-12-11 02:51:57
520,Batouri,4.4333,14.3667,72.21,70,100,1.72,CM,2023-12-11 02:51:57
521,Iquique,-20.2208,-70.1431,68.04,68,100,1.5,CL,2023-12-11 02:51:57
522,Kununurra,-15.7667,128.7333,89.58,40,41,12.66,AU,2023-12-11 02:49:37
523,Ghanzi,-21.5667,21.7833,65.28,89,32,7.94,BW,2023-12-11 02:51:41
524,Nanao,37.05,136.9667,50.32,74,94,14.18,JP,2023-12-11 02:51:57
525,Reserva,-24.6503,-50.8506,60.55,100,100,1.16,BR,2023-12-11 02:51:58
526,Jamaame,0.0697,42.745,78.35,81,22,7.09,SO,2023-12-11 02:51:58
527,Blackwater,-23.5833,148.8833,77.27,61,100,16.71,AU,2023-12-11 02:49:51
528,Port Isabel,26.0734,-97.2086,51.06,71,0,0.0,US,2023-12-11 02:51:58
529,Usinsk,65.9939,57.5281,-19.93,100,100,1.01,RU,2023-12-11 02:51:58
530,Sandnessjoen,66.0217,12.6316,19.92,81,35,16.73,NO,2023-12-11 02:49:46
531,Lowestoft,52.4752,1.7516,52.23,79,97,30.49,GB,2023-12-11 02:51:58
532,Anaconda,46.1285,-112.9423,31.19,94,60,6.24,US,2023-12-11 02:51:58
533,Touros,-5.1989,-35.4608,79.14,71,50,7.81,BR,2023-12-11 02:49:45
534,Peace River,56.2501,-117.286,26.91,63,0,9.22,CA,2023-12-11 02:51:58
535,Christchurch,-43.5333,172.6333,75.54,48,6,20.71,NZ,2023-12-11 02:47:15
536,Presidente Olegario,-18.4178,-46.4181,67.6,80,99,2.68,BR,2023-12-11 02:51:58
537,Dabou,5.3256,-4.3769,79.36,84,8,5.41,CI,2023-12-11 02:51:58
538,Yigo Village,13.5361,144.8886,87.12,70,75,16.11,GU,2023-12-11 02:51:58
539,Sao Joao Da Barra,-21.6403,-41.0511,73.47,82,86,6.67,BR,2023-12-11 02:49:57
540,Kas,36.2018,29.6377,57.11,84,100,8.97,TR,2023-12-11 02:51:59
541,Pahrump,36.2083,-115.9839,51.31,21,100,1.61,US,2023-12-11 02:49:48
542,Yurty,56.0498,97.6348,-26.97,98,22,1.74,RU,2023-12-11 02:51:59
543,San Luis De La Loma,17.2706,-100.8939,79.92,73,100,2.77,MX,2023-12-11 02:50:13
544,Calera,33.1029,-86.7536,44.24,73,0,4.0,US,2023-12-11 02:51:59
545,Korocha,50.8107,37.1953,21.92,95,100,12.59,RU,2023-12-11 02:51:59
546,San Rafael,-34.6177,-68.3301,81.16,27,23,25.46,AR,2023-12-11 02:51:59
547,Sheldon,43.1811,-95.8561,27.14,86,100,4.61,US,2023-12-11 02:51:59
548,Samdrup Jongkhar,26.9167,91.6167,62.44,63,5,2.21,BT,2023-12-11 02:51:59
549,At Taj,24.2049,23.2857,51.3,59,0,8.95,LY,2023-12-11 02:51:59
550,Vyazemskiy,47.5378,134.7525,-2.54,78,9,14.18,RU,2023-12-11 02:50:18
551,Marbella,36.5154,-4.8858,57.25,41,0,4.12,ES,2023-12-11 02:51:59
552,Belokurikha,51.9959,84.9896,-5.26,93,48,2.35,RU,2023-12-11 02:52:00
553,Gebre Guracha,9.8,38.4,50.79,66,5,2.68,ET,2023-12-11 02:52:00
554,Ginir,7.1333,40.7,53.94,51,47,3.58,ET,2023-12-11 02:52:00
555,Songjiang,31.036,121.2146,57.06,79,99,15.14,CN,2023-12-11 02:49:49
556,Kampene,-3.6,26.6667,69.37,95,100,1.05,CD,2023-12-11 02:52:00
557,Howard Springs,-12.497,131.047,95.99,65,15,5.93,AU,2023-12-11 02:50:21
558,Vatra Dornei,47.35,25.3667,29.57,90,100,3.98,RO,2023-12-11 02:52:00
559,Shuangcheng,45.35,126.2833,-4.32,72,97,4.5,CN,2023-12-11 02:52:00
560,Barcelos,41.5388,-8.6151,62.74,95,100,8.46,PT,2023-12-11 02:46:40
561,Labuan,5.2767,115.2417,84.56,79,20,5.75,MY,2023-12-11 02:52:00
562,Baymak,52.5933,58.3225,-10.25,97,85,9.19,RU,2023-12-11 02:52:00
563,Rusape,-18.5278,32.1284,62.47,89,76,3.47,ZW,2023-12-11 02:52:00
564,South Hedland,-20.4089,118.5983,87.73,12,7,19.57,AU,2023-12-11 02:52:00
565,Barguzin,53.6167,109.6167,-14.1,94,74,4.32,RU,2023-12-11 02:52:01
566,Mandan,46.8267,-100.8896,26.96,92,75,6.91,US,2023-12-11 02:51:03
567,Aswan,24.0934,32.907,67.3,55,0,5.75,EG,2023-12-11 02:49:56
568,Labrador City,52.9463,-66.9114,31.91,93,100,14.97,CA,2023-12-11 02:50:08
569,Horsham,51.064,-0.3272,52.25,73,75,17.27,GB,2023-12-11 02:52:01
570,Xai-Xai,-25.0519,33.6442,75.56,92,76,6.55,MZ,2023-12-11 02:52:01
571,Noumea,-22.2763,166.4572,84.18,60,89,23.31,NC,2023-12-11 02:49:35
572,Tianshui,34.5439,105.6897,38.12,43,99,3.94,CN,2023-12-11 02:52:01
573,Honiara,-9.4333,159.95,86.07,70,89,6.64,SB,2023-12-11 02:52:01
574,Turabah,21.2141,41.6331,56.57,33,9,7.85,SA,2023-12-11 02:52:01
575,Nelson Bay,-32.7167,152.15,84.25,64,10,11.99,AU,2023-12-11 02:52:01
576,San Mateo Del Mar,16.2,-95.0,72.59,67,75,42.57,MX,2023-12-11 02:52:01
577,Portsmouth,50.799,-1.0913,53.91,73,68,24.74,GB,2023-12-11 02:50:04
578,Toliara,-23.35,43.6667,78.71,69,5,5.12,MG,2023-12-11 02:52:02
579,Ubari,26.5921,12.7805,49.53,79,0,7.47,LY,2023-12-11 02:50:00
580,Al Kharijah,25.4514,30.5464,59.58,33,6,4.25,EG,2023-12-11 02:52:02
581,Cruz Grande,16.7333,-99.1333,76.03,83,71,2.26,MX,2023-12-11 02:52:02
582,Port Said,31.2565,32.2841,58.98,88,0,0.0,EG,2023-12-11 02:52:02
583,Ambasa,23.9172,91.8472,68.52,66,0,2.04,IN,2023-12-11 02:52:02
584,Xinqing,48.2333,129.5,-3.23,69,5,9.15,CN,2023-12-11 02:52:02
585,Inarajan Village,13.2736,144.7484,88.77,82,100,14.99,GU,2023-12-11 02:52:02
586,Linxia Chengguanzhen,35.6003,103.2064,33.51,47,60,2.57,CN,2023-12-11 02:50:15
587,I-N-Salah,27.1935,2.4607,55.0,60,0,12.17,DZ,2023-12-11 02:49:56
588,Santo Antonio Do Ica,-3.1022,-67.9397,75.09,96,21,1.36,BR,2023-12-11 02:52:03
589,Kisangani,0.5167,25.2,68.29,99,96,1.66,CD,2023-12-11 02:52:03
590,Keflavik,64.0049,-22.5624,36.03,93,75,6.91,IS,2023-12-11 02:49:55
591,Sumbe,-11.2061,13.8437,78.76,87,100,6.2,AO,2023-12-11 02:52:03
592,Luban,51.1201,15.2877,43.14,93,100,17.45,PL,2023-12-11 02:52:03
593,Tallkayf,36.4894,43.1192,54.1,77,40,3.71,IQ,2023-12-11 02:52:03
594,Madang,-5.2246,145.7966,90.97,57,82,6.55,PG,2023-12-11 02:52:03
595,Mahina,-17.5065,-149.489,87.57,62,20,4.61,PF,2023-12-11 02:52:03
596,Doembang Nangbuat,14.8333,100.1,89.06,60,6,3.91,TH,2023-12-11 02:52:03
597,Welkom,-27.9864,26.7066,59.36,81,100,10.38,ZA,2023-12-11 02:52:04
